{"1": [1743397165.865908, 1], "2": [0, -1], "3": [1743492812.8222466, 1], "4": [0, -1], "5": [1743492847.2161195, 6], "6": [0, -1], "7": [0, -1], "8": [0, -1], "9": [0, -1], "10": [0, -1]}